MERCEDES,Thu Feb 17 01:39:00 +0000 2022,1494124186377330691,2019 Mercedes Benz S Class S 560 4MATIC used for sale online https   t co cjnXGFdtFU https   t co 1wPi4mIBRQ,0,0
MERCEDES,Thu Feb 17 01:38:31 +0000 2022,1494124065384120322,I love coming to Irvine bc my crusty dusty Corolla really sticks out next to the nice new Audis Teslas and Mercedes  And you know I m all about making an impression,0,0
MERCEDES,Thu Feb 17 01:37:54 +0000 2022,1494123911696601091,REDMI K50 CHAMPION EDITION CREATED WITH MERCEDES AMG TEAM IS OUT https   t co enxSgPSZ9C,0,0
MERCEDES,Thu Feb 17 01:35:54 +0000 2022,1494123406752718850,In a little  lt  than a year  Tesla grew its Twitter followers 16 2x faster than the auto runner up  MercedesBenz  Tesla sold 930 422 vehicles in 2021  having 14 11 followers per unit  Mercedes Benz sold 2 054 962 and has 1 86 followers per unit sold   That s 7 6x difference  TSLA https   t co sHNSqhfqtt https   t co t1LiXCASlE,0,1
MERCEDES,Thu Feb 17 01:34:55 +0000 2022,1494123160651841538,That scene with mos def talib listening to Kanye s beat in the Mercedes is    ,0,0
MERCEDES,Thu Feb 17 01:34:38 +0000 2022,1494123089252081666,I got a new blade and a new mat for my cameo and it seems to be cutting normally so one or both worked for so Mercedes vinyl cutting goes on again ,0,0
MERCEDES,Thu Feb 17 01:34:34 +0000 2022,1494123071455694851,Car Front Grilles Grille For MERCEDES BENZ MB SL R230 2003 2006 Black https   t co NKH5hOQJrL eBay https   t co 4XVNx0z5Wk,0,0
MERCEDES,Thu Feb 17 01:34:34 +0000 2022,1494123071279484930,Mercedes 222 S560 S63 S450 Telephone Module Control Charging Port 2229001017 https   t co 8Tf0eqn5Sg eBay https   t co x7lJJhmcx1,0,0
MERCEDES,Thu Feb 17 01:32:11 +0000 2022,1494122472802856960,Mercedes launched the EQE AMG  looks electric and too much like EQS  Automobile manufacturers still not catching up to Tesla s performance    Mercedes  MercedesAMG  automobile  Electriccars  Tesla  tech  technology  techunter,0,0
MERCEDES,Thu Feb 17 01:32:02 +0000 2022,1494122434148065282,https   t co QUABeGRL2i  mercedesbenz 1995 Mercedes Benz E320 64K 1 Owner Serviced California CARFAX,0,0
MERCEDES,Thu Feb 17 01:30:42 +0000 2022,1494122099685969927,I HAVE TO GIVE MY MOMMA  500 000   DAD  500 000 AND BABY SISTER  400 000  amp  OTHER FAMILY  100 000 TOTAL AND I JUST NEED 2 CARS THE NEW RANGE ROVER FOR  130 000  amp  A USED 2018 19 S CLASS MERCEDES BENZ FOR  60 000  I ALSO NEED 10  OF EACH ALBUM SOLD https   t co kcU6GvuGtF,0,0
MERCEDES,Thu Feb 17 01:30:32 +0000 2022,1494122057658941443, WouldYouRather Only be able to drive sports cars or only be able to drive utility vehicles         Autowerkes  HuntingtonBeach  Porsche  Mercedes  MercedesBenz  BMW  Mini  AutoRepairShop  AutoRepair https   t co mnrgPq5G6l,0,0
MERCEDES,Thu Feb 17 01:23:51 +0000 2022,1494120374933463040, BREAKING  LAPD was in pursuit of a black Mercedes in the area of Temple and Rampart suspected of being stolen during a home invasion  Sky2 s Desmond Shaw    RoadSageLA   was overhead   https   t co 4DyQXdVsbR,3,24
MERCEDES,Thu Feb 17 01:23:49 +0000 2022,1494120366247235589,if glee was on today i d want santana and mercedes to sing Finesse,0,4
MERCEDES,Thu Feb 17 01:23:22 +0000 2022,1494120252350910464,Loading for a run north from the south coast  It s a bit mork  amp  mindy folks so I ve applied some extra firm hold hair gel    wherever you re going later today just get there safely   mercedes  actros  coolchain  teamroberts https   t co EIOOKnH2s0,0,3
MERCEDES,Thu Feb 17 01:22:49 +0000 2022,1494120114920120324,Mercedes EQ53   Tesla will only continue to lose market share as all the car makers comes out with their own EV  677hp 1 000 Nm    mercedes  eq53  ElectricVehicle https   t co 4vPR78J692,0,0
MERCEDES,Thu Feb 17 01:20:47 +0000 2022,1494119604746133505,I pull dat Mercedes out da garage and ride,0,0
MERCEDES,Thu Feb 17 01:19:13 +0000 2022,1494119210607333387,We have this exclusive 2021 Mercedes Benz AMG G 63 available  Come and check it out   MercedesBenzOfChandler  2021MercedesBenzAMGG63 https   t co 4R022Vb7gH,0,0
MERCEDES,Thu Feb 17 01:19:06 +0000 2022,1494119180559282177,1995 Mercedes Benz E Class E320 64K 1 Owner Serviced California CARFAX https   t co PpCWGw1WTS eBay https   t co vNsTYnN6BV,0,0
MERCEDES,Thu Feb 17 01:19:05 +0000 2022,1494119176276877312,Mercedes 222 S560 S63 Left Front Door Module Control Unit 2139000818 https   t co pYWh0la19m eBay https   t co PCR0GgXWJv,0,0
MERCEDES,Thu Feb 17 01:19:05 +0000 2022,1494119175106617349,For 2016 2019 Mercedes Benz GLC Coupe CF Rear Spoiler Tail Trunk Lip Wing https   t co jTHiWsmAdm eBay https   t co Vc5RFOd4Z0,0,0
MERCEDES,Thu Feb 17 01:19:04 +0000 2022,1494119170438578182,Mercedes Martinez vs Thunder Rosa tonight is going to be INSANE ,0,0
MERCEDES,Thu Feb 17 01:16:43 +0000 2022,1494118580761370624,2 16 AEW DYNAMITE TV RESULTS  Sage s  alt perspective  report on Sammy Guevara vs  Darby Allin  Thunder Rosa vs  Mercedes Martinez  Santana  amp  Ortiz vs  Jericho  amp  Hager  More  https   t co 2JROF3fvX5,0,0
MERCEDES,Thu Feb 17 01:15:02 +0000 2022,1494118157698674689,Mercedes Benz Introduces the 621 Mile Range VISION EQXX EV Concept https   t co xzTbbSgdKf https   t co Fox87PQ24l,0,0
MERCEDES,Thu Feb 17 01:13:26 +0000 2022,1494117753803853825,New track with the Colombian homie out now   IndieArtist  fuckspotify  tidal  bandcamp  beats  SoundCloud   https   t co rPSwAtBtGC https   t co V68WzAd5rN,0,0
MERCEDES,Thu Feb 17 01:13:08 +0000 2022,1494117677157265409,presenting we don t talk about bruno  mercedes  de acosta s psychic abilities version   somebody take my phone off me https   t co a2erB7VDUo,0,1
MERCEDES,Thu Feb 17 01:12:45 +0000 2022,1494117579698409472,Mercedes G 700 Brabus Widestar   https   t co 7TFbl3vMwT,0,1
MERCEDES,Thu Feb 17 01:12:36 +0000 2022,1494117543400849412,Thunder Rosa vs Mercedes Martinez needs to be a war with Thunder Rosa coming out on top by the skin of her teeth then she walks through Jamie Hayter and onto Britt Baker at Revolution   AEWDynamite,0,0
MERCEDES,Thu Feb 17 01:11:31 +0000 2022,1494117269781286913,Sweet Bryan vs Moriarty is first so I can turn the rest of this uninteresting show off Although Mercedes vs Thunder Rosa sounds intriguing   AEWDynamite,0,1
MERCEDES,Thu Feb 17 01:10:56 +0000 2022,1494117125769863169,Rosa Mercedes is gonna be insane  Let s fuckin go Leeeeeee  AEWDynamite,0,1
MERCEDES,Thu Feb 17 01:09:39 +0000 2022,1494116799872385029,Please send thoughts and prayers for Mercedes Martinez  because no one can save her from The  thunderrosa22 Destruction Tour tonight on  AEWDynamite,2,7
MERCEDES,Thu Feb 17 01:09:00 +0000 2022,1494116636814569474,Suspects in pursuit wanted for home invasion and stolen Mercedes ,1,17
MERCEDES,Thu Feb 17 01:08:28 +0000 2022,1494116504723357696,The Mercedes Benz Club of Victoria is supporting  maddiesvision at their Concours d Elegance on 27 Feb  There ll be plenty of treats on the day for car lovers  including old classics dating back to a replica from 1886  Make a day of it   5 entry at the gate  children free   https   t co Wu6x30d0vV,1,0
MERCEDES,Thu Feb 17 01:08:00 +0000 2022,1494116386322677761,Apple s market share is bigger than BMW s or Mercedes s or Porsche s in the automotive market  What s wrong with being BMW or Mercedes ,0,0
MERCEDES,Thu Feb 17 01:06:49 +0000 2022,1494116087641772032,NB 101 approaching Sunset  Right lane and shoulder  Black Mercedes  Exiting Sunset   RoadSageLA,0,22
MERCEDES,Thu Feb 17 01:06:46 +0000 2022,1494116074849472514,ugh  someone is selling my drawing on their etsy store  why people keep doing this   draw your own shit  I messaged them so hopefully they ll take it down from their store  https   t co n2v8HBEOh4 https   t co UOkpWPjh6p,6,17
MERCEDES,Thu Feb 17 01:05:13 +0000 2022,1494115686423035905,The next gen Mercedes eSprinter will be produced stateside  offering over double the range of the current model  Here s what buyers can expect   https   t co 4r3k2lrZsa,0,3
MERCEDES,Thu Feb 17 01:05:10 +0000 2022,1494115672242069504,LAPD is in tracking mode in RAMPART division on a stolen black Mercedes ,0,14
MERCEDES,Thu Feb 17 01:05:09 +0000 2022,1494115669062795266,If I was lame like you   I d hate me to  ,0,0
MERCEDES,Thu Feb 17 01:04:42 +0000 2022,1494115557054070791,Kyle Larson is the greatest race car driver in the history of racing you can t even call F1 drivers the top drivers they just have the top cars it s been proven over and over again George Russell looked unstoppable in a Mercedes and regular in anything else,0,0
MERCEDES,Thu Feb 17 01:03:49 +0000 2022,1494115332163706883,WB 3rd St  tracking a stolen Black Mercedes  Now a  pursuit    KCBSKCALDesk  KTLAnewsdesk And we are BACK in tracking mode,1,21
MERCEDES,Thu Feb 17 01:03:05 +0000 2022,1494115150873387011,I thought this wasn t real but seen it with my own eyes   It s a Mercedes G Wagon https   t co Jbq90TYGGV,0,1
MERCEDES,Thu Feb 17 01:03:05 +0000 2022,1494115148046471172,Oh Lord  won t you buy me     a Mercedes Benz     https   t co hi0RSM5b0y,0,1
MERCEDES,Thu Feb 17 01:02:35 +0000 2022,1494115022175408132,How to Install Facelift LED TAG Lights 2010  W221 Mercedes Benz AMG S65     https   t co QeYfhF5QBs via  YouTube,0,0
MERCEDES,Thu Feb 17 01:01:03 +0000 2022,1494114638421803010,This Is Horror  Novella of the Year  winner    Lutzke courageously tackled an aspect of true horror with determination and astonishing sensitivity  This book not only demands to be read  but it demands to be discussed   Mercedes M  Yardley  https   t co Erd5WYOPEu  affiliate  https   t co EyU83UGnvP,1,1
MERCEDES,Thu Feb 17 01:00:36 +0000 2022,1494114524462518278,Tonight  on AEW Dynamite  No DQ Match  Thunder Rosa vs  Mercedes Martinez  Lee Moriarty vs  Bryan Danielson  TNT Championship  And  more as AEW Dynamite Starts Right Now On TBS   AEWDynamite https   t co UCAw5ZkjMF,0,1
MERCEDES,Thu Feb 17 01:00:13 +0000 2022,1494114428094226434,Here s how  and why   MercedesBenz transforms its S class and GLS into Maybachs  https   t co m9nkRRspbe https   t co rffER2XitR,6,22
MERCEDES,Thu Feb 17 01:00:01 +0000 2022,1494114375178801153,Join  barnettjake for his live review of  AEWDynamite featuring Sammy Guevara vs  Darby Allin for the TNT Title  https   t co aZDE8NL1BU,1,1
MERCEDES,Thu Feb 17 00:57:43 +0000 2022,1494113796452986880,Crazy thing is I have a 2018 Mercedes Benz C300 4matic  ,0,0
MERCEDES,Thu Feb 17 00:57:34 +0000 2022,1494113762600800260, They can get out every day  but they won t    Mercedes won t leave F1 anytime soon  according to Dutch reporter https   t co E3SLJD3PK3,0,0
MERCEDES,Thu Feb 17 00:57:25 +0000 2022,1494113723312578562,2021 Mercedes Maybach GLS600 vs Rolls Royce Cullinan    Battle Of The ULTIMATE Ballers https   t co vHOec90AxY,0,0
MERCEDES,Thu Feb 17 00:55:00 +0000 2022,1494113113624375299, AEWDynamite starts at the top of the hour    Is tonight the END for the  InnerCircle    What will happen between Thunder Rosa and Mercedes Martinez   How hyped are you for Bryan Danielson vs  Lee Moriarty   Let us know  https   t co eMTV5tAsor,1,6
MERCEDES,Thu Feb 17 00:53:13 +0000 2022,1494112665181962244,It s 1966  You have around  6 500 to spend on a car  Do you buy a Porsche 911  a Mercedes Benz 250S  a Lincoln Continental or a Cadillac Eldorado  https   t co m1UCgXqDuy,0,4
MERCEDES,Thu Feb 17 00:52:53 +0000 2022,1494112582260637698,F1 mercedes logo aqua  99    135 shipped  HobbyConnector  sports_sell https   t co bAI7BwNoD3,1,0
MERCEDES,Thu Feb 17 00:51:02 +0000 2022,1494112118119047172, hashtag2 37mm One Start Stop Sticker for AFFALTERBACH AMG W212 W213 W205 W176 W177 GLE GLC https   t co W8REJcdl3u https   t co WwtcXMliat,0,0
MERCEDES,Thu Feb 17 00:48:33 +0000 2022,1494111490604994563,I hate it when my iPhone 12 256GB plus drops between the heated leather seats of my Mercedes C350 AMG Coupe Executive Package  the gap isn t big enough for my hand to fit when I m wearing my Supreme Goyard Rolls Royce Rolex  Lifetime Warranty  lol wyd Tho  https   t co aFL6C1Tnnn,0,2
MERCEDES,Thu Feb 17 00:45:34 +0000 2022,1494110741980278786,For GLR  21Master s Brewers 47 Mercedes returns  https   t co 17MyuRr21u,0,1
MERCEDES,Thu Feb 17 00:45:14 +0000 2022,1494110657221955588,Lewis on his insta  I went for a run           I spent time with my family    Here s Roscoe    I had birthday cake and played Monopoly with friends     Lewis content on Mercedes sm   He  Is  Back  Be VERY afraid     Gotta love the duality  ,1,8
MERCEDES,Thu Feb 17 00:43:16 +0000 2022,1494110163132817410,the way i manifested a cry for me  as well as OT9 alcohol free and i cant stop me  OT9 video   https   t co jKagaEzwIl   not a dance practice but im so happy  https   t co 5PBS6F8zTc,0,1
MERCEDES,Thu Feb 17 00:43:07 +0000 2022,1494110122536095745,Mercedes lives in a beach house with Rachel and have a pet pig that eats chicken,0,0
MERCEDES,Thu Feb 17 00:43:06 +0000 2022,1494110118673367043,Mercedes love to shove out of wherever they coming from within an inch of their life   It s a manipulation tactic and you can t convince me otherwise,0,0
MERCEDES,Thu Feb 17 00:43:03 +0000 2022,1494110108455878660,Mercedes toy Bandai 300SL Roadster TIN https   t co RfLkpi0Dd5 eBay https   t co pDSKNUUnEG,0,0
MERCEDES,Thu Feb 17 00:43:03 +0000 2022,1494110107763818498,2003 06 MERCEDES BENZ R230 SL55   500 600 AMG CARBON FIBER FRONT LIP  US SELLER  https   t co KzPYSyB8g9 eBay https   t co eb4PpN0rlK,0,0
MERCEDES,Thu Feb 17 00:42:04 +0000 2022,1494109860065124366,is thinking the 2010 mercedes was the best looking car of the season unpopular ,0,0
MERCEDES,Thu Feb 17 00:41:03 +0000 2022,1494109604338278400,Volvo Leads On Electric Trucks Cement Mixers  Air Taxi in Japan  Mercedes AMG EQE   EV News Today https   t co tQPtwtehiN https   t co aL3Fdvk4BT,0,0
MERCEDES,Thu Feb 17 00:40:53 +0000 2022,1494109563594829824,Now live at BaT Auctions  41k Mile 1989 Mercedes Benz 560SL  https   t co ZCx59bL3D1 https   t co tZdvbxFAi5,1,10
MERCEDES,Thu Feb 17 00:39:41 +0000 2022,1494109261676351491,Made it home from my girls  basketball practice in time to see the    thunderrosa22 destroy Mercedes Martinez on  AEW  Dynamite   https   t co 04Cu1cxRLG,0,0
MERCEDES,Thu Feb 17 00:38:45 +0000 2022,1494109024752656387,People with 30k followers using my pictures as a leak Mercedes on Instagram and twitter  cutting my watermark  and having all the likes for my work   Me asking for some credit or share of my work  https   t co aXX4FhlIFQ,0,2
MERCEDES,Thu Feb 17 00:38:01 +0000 2022,1494108841805443075,Mercedes Benz EQE53 AMG confirmed for Australia launch   up to 505kW and 1000Nm  plus 0 100kmh in 3 3s offered  AMG may be liking this EV stuff   MercedesEQ  eqe53  eqeamg https   t co fTDaCe90RM,2,0
MERCEDES,Thu Feb 17 00:37:03 +0000 2022,1494108597764165632,  BennyBsf warned y all  O BOY  O  GIRL  D L s LIL BIG BROTHA  LOL       JUST got a house  I need a brand new Mercedes   WE kicking ass  LIKE   DaBabyDaBaby  I m on da grind I link w  da plugs that I met  IF these labels don t pay me  HAHHHH     ,0,0
MERCEDES,Thu Feb 17 00:36:21 +0000 2022,1494108419866849282, Will  What do you guys say when you answer the phone   Mercedes  Waddup   Artie  Who dis be   Kurt  No  she s dead  This is her son ,0,1
MERCEDES,Thu Feb 17 00:36:18 +0000 2022,1494108408433102854,Volvo Leads On Electric Trucks Cement Mixers  Air Taxi in Japan  Mercedes AMG EQE   EV News Today https   t co 55FKs6LVqA,0,0
MERCEDES,Thu Feb 17 00:34:03 +0000 2022,1494107840776081408,Ross Brawn believes Mercedes and Red Bull could be playing catch up in 2022 https   t co 9WN0nKKaug,0,0
MERCEDES,Thu Feb 17 00:33:23 +0000 2022,1494107673599492098,The 190E EVO III that Mercedes Benz NEVER made   Rendered with Kyza   Ep  4 https   t co cC2pbJZBFm,0,0
MERCEDES,Thu Feb 17 00:33:13 +0000 2022,1494107631207665664,My afternoon plans after work are watch Daytona 500 qualifying and Thunder Rosa beat the holy hell outta Mercedes  Martinez ,0,3
MERCEDES,Thu Feb 17 00:33:00 +0000 2022,1494107577088561154,i saw a black mercedes  van today and the memories hit me HARD sfghjk,0,0
MERCEDES,Thu Feb 17 00:32:37 +0000 2022,1494107483199078401,Going for a drive in my pretend navy blue Mercedes     FraudTRO,0,0
MERCEDES,Thu Feb 17 00:32:05 +0000 2022,1494107348217958400,Real Carbon Fiber For Mercedes W212 E Class Sedan 2009 2016 Spoiler Wing https   t co L089uB4icl eBay https   t co pEm1yY22fG,0,0
MERCEDES,Thu Feb 17 00:32:03 +0000 2022,1494107340081008641,Front Grille with Camera For Mercedes  Benz GLC W253 AMG 2015 2018 Silver https   t co kv4Zsac8om eBay https   t co qwZ5aFLmUT,0,0
MERCEDES,Thu Feb 17 00:31:02 +0000 2022,1494107085004492803, DAI DE s ROE of 24 61  is amongst the best returns of the industry https   t co ydARDFhLLo  ChartMill  Mercedes BenzAG  DAI  DeutscheBoerseAg  FundamentalAnalysis https   t co BsH0SzMabC,0,1
MERCEDES,Thu Feb 17 00:30:51 +0000 2022,1494107035415166976,Man I hate it when my iPhone 12  256GB plus drops between the heated leather seats of my Mercedes C350 AMG Coupe  Executive Package  the gap isn t big enough for my hand to fit when I m wearing my Bape Supreme Goyard Rolls Royce Rolex   Lifetime Warranty ,0,0
MERCEDES,Thu Feb 17 00:30:03 +0000 2022,1494106836152291336,OFFICIAL MATCH CARD FOR  AEWDYNAMITE   Sammy Guevara vs Darby Allin   Thunder Rosa vs Mercedes Martinez   Chris Jericho  amp  Jake Hager vs Santana  amp  Ortiz   Bryan Danielson vs Lee Moriarty   Wardlow vs Max Caster   CM Punk Schedules Rematch with MJF  AEWRampage  AEW  AEWRevolution https   t co 6WYmisKkIq,0,0
MERCEDES,Thu Feb 17 00:29:05 +0000 2022,1494106591964053513,Based off of Thunder Rosa s Kill Bill costume  the Mercedes match will have lots of gore  amp  self mutilation         ,0,2
MERCEDES,Thu Feb 17 00:27:32 +0000 2022,1494106204083130368,2014 64 MERCEDES BENZ A CLASS 1 5 A180 CDI BLUEEFFICIENCY AMG SPORT 5D 109 BHP D https   t co V4b7RVFGKB eBay https   t co 0WzCoaRaWK,0,0
MERCEDES,Thu Feb 17 00:26:00 +0000 2022,1494105816596684802,The Knight has finally spoken   The King of F1A Racing has made a decision to Rise Above  amp  provide us with more excitement   He has risen from disappointment  but will do his talking on the track as he is destined to  Keep Rising    Again  I Rise with Team Mercedes ,0,0
MERCEDES,Thu Feb 17 00:25:48 +0000 2022,1494105766277619717,New artwork for sale     1930 Mercedes Benz SSK    https   t co FjZ3mGSjo3  fineartamerica https   t co yLvoyzYt6c,0,0
MERCEDES,Thu Feb 17 00:25:15 +0000 2022,1494105625961369603,Congratulations to our  SCHSLadyHoops  on their big win over La Plata  It was even more special for Mercedes who celebrated her Senior Night  Since I have known her in middle school  she s been one of a kind       SchsSathletics https   t co tVmOSrtS6K,0,4
MERCEDES,Thu Feb 17 00:22:33 +0000 2022,1494104948597870595, GitHub   mercedes benz cluster api state metrics  cluster api state metrics  CASM  is a service that listens to the Kubernetes API server and generates metrics about the state of custom resource objects related of Kubernetes Cluster API   https   t co 1cwaoh1uLT,2,6
MERCEDES,Thu Feb 17 00:21:07 +0000 2022,1494104589825544197,Ross Brawn believes Mercedes and Red Bull could be playing catch up in 2022 https   t co Mq7smyHb7v https   t co nhmMT4ax6b,0,0
MERCEDES,Thu Feb 17 00:21:04 +0000 2022,1494104575590162433,Funny looking back and realising the old F1 Sauber looks like the love child of a Mercedes and a Red Bull https   t co 0thXpT4qjs,0,0
MERCEDES,Thu Feb 17 00:16:44 +0000 2022,1494103486476259340,Clean Mercedes Benz   https   t co Y9fAJIh5L1,9,72
MERCEDES,Thu Feb 17 00:16:06 +0000 2022,1494103327084187654,Mercedes Xentry VERY LATEST Software 12 2021 https   t co xsrWYIMxT4 eBay https   t co ch7NVOeVXF,0,0
MERCEDES,Thu Feb 17 00:16:05 +0000 2022,1494103321371570176,REAR LIGHT PART INT  DX  MERCEDES BENZ B CLASS  T246   09   11 06   19  651901 A https   t co BMVAfQ1Mo4 eBay https   t co qHGhR5S9l3,0,0
MERCEDES,Thu Feb 17 00:16:05 +0000 2022,1494103319987441666,Fits Mercedes Benz G Class W463 G500 G63 G65 Front Roof Spoiler Wing W LED Light https   t co ztux7F8tB6 eBay https   t co gAZFRHQcSz,0,0
MERCEDES,Thu Feb 17 00:16:04 +0000 2022,1494103318930493442,Secondary Air Injection Pump Fits 2007 2010 Mercedes GL450 4 6L V8 GAS DOHC https   t co 2N0RIW8tvR eBay https   t co HD3JXYSG0b,0,0
MERCEDES,Thu Feb 17 00:15:04 +0000 2022,1494103065326022663,2023 Mercedes AMG EQE Is Ready to Juice Up Your Commute   Roadshow https   t co TfnKraPSoT,0,0
MERCEDES,Thu Feb 17 00:14:31 +0000 2022,1494102924976394242,Mercedes Benz has the worst web site ever ,0,0
MERCEDES,Thu Feb 17 00:14:19 +0000 2022,1494102875886489600,A Gorgeous Gorgeous girl would look amazing as a Mercedes fan   https   t co xfxMcuM55j,0,0
MERCEDES,Thu Feb 17 00:14:03 +0000 2022,1494102809352015876,Minneker to Mercedes https   t co eIFv3C5Bdx,0,2
MERCEDES,Thu Feb 17 00:13:33 +0000 2022,1494102681786462209,2022 Mercedes Benz S Class Base 4MATIC new for sale https   t co n8yTzHycOR https   t co xtP6l4OpSM,0,0
MERCEDES,Thu Feb 17 00:12:51 +0000 2022,1494102507617988612, hashtag4 Car phone holder for Mercedes Benz GLA 45 amg X156 CLA W117 C117 GLA200 GLA250 COUPE interior modified mobile phone bracket https   t co puDAPNcoDj https   t co 8W9S6ieE9V,0,0
MERCEDES,Thu Feb 17 00:12:33 +0000 2022,1494102432283959297,Mercedes Benz Has A New EV Concept With High Range And Low ish Power https   t co 0vkrUCQli4 https   t co GCFxLAUGtH,0,1
MERCEDES,Thu Feb 17 00:12:04 +0000 2022,1494102310116413450,99 Mercedes R129 SL500 exhaust muffler  rear 1294910001 https   t co GNqUCGuGYR eBay https   t co wTLuIlIJC3,0,0
MERCEDES,Thu Feb 17 00:08:57 +0000 2022,1494101525504872453,oh its  Kill Mercedes  time for  thunderrosa22      https   t co cySG9TLzpA,0,0
MERCEDES,Thu Feb 17 00:08:30 +0000 2022,1494101411486912515,TEKNO is fond of everything made by Mercedes Benz  2017 model,0,0
MERCEDES,Thu Feb 17 00:08:22 +0000 2022,1494101378335010816,I witnessed so many masked people outdoors in downtown Bend today  There is also a huge influx of Teslas  Mercedes  etc ,2,27
MERCEDES,Thu Feb 17 00:05:52 +0000 2022,1494100748468162562,One year cost bout same as Mercedes  4 years cost wife  crib and a baby,0,0
MERCEDES,Thu Feb 17 00:05:11 +0000 2022,1494100579098021889,Mercedes  performance minded AMG division goes electric with its first EV AND most powerful production model yet  https   t co IpQnjsOtQl,1,4
MERCEDES,Thu Feb 17 00:04:49 +0000 2022,1494100484059189248,Austin Cindric is the greatest race car driver in the history of racing you can t even call F1 drivers the top drivers they just have the top cars it s been proven over and over again George Russell looked unstoppable in a Mercedes and regular in anything else https   t co W1ZA4HnBNk,0,2
MERCEDES,Thu Feb 17 00:03:51 +0000 2022,1494100242081492995,Jimmie Johnson is the greatest race car driver in the history of racing you can t even call F1 drivers the top drivers they just have the top cars it s been proven over and over again George Russell looked unstoppable in a Mercedes and regular in anything else https   t co KXqjUKRG0i,0,0
MERCEDES,Thu Feb 17 00:03:44 +0000 2022,1494100214411636736,2023 Mercedes AMG EQE Is Ready to Juice Up Your Commute   Roadshow  CNET  https   t co IClivhSgd5,0,0
MERCEDES,Thu Feb 17 00:03:11 +0000 2022,1494100075873812481,Mercedes and Red Bull  could be impacted  by brutal F1 title fight   Brawn https   t co ML4JN8k6bd  F1  MercedesGP,0,1
MERCEDES,Thu Feb 17 00:01:52 +0000 2022,1494099741386416129,Person number 4980 who would win in any Mercedes of F1 s Hybrid Era  Giorgio Scarlatti  F1  peopleWhoWouldWinInMercedes  MercedesDominance,2,1
MERCEDES,Thu Feb 17 00:01:00 +0000 2022,1494099524226359297,Did Mercedes and Red Bull put too much effort and resource into last season that will affect this year  F1 tech boss Ross Brawn certainly feels there may be a hangover  More here     https   t co kb1bHcFJcw,0,1
MERCEDES,Thu Feb 17 00:00:40 +0000 2022,1494099442571558913,For 07 12 Mercedes Benz GL Class X164 GL450 Running Boards Side Step Nerf Bars     https   t co BetkLMpHAy https   t co pOyo8JJmun,0,0
MERCEDES,Thu Feb 17 00:00:39 +0000 2022,1494099438964555779,And this apparently is the Mercedes https   t co DzEYc0yiHU,0,0
